iter	RMSE
0	10.07708234
1	7.592857864
2	6.535426656
3	6.129668545
4	5.888721625
5	5.801308398
6	5.726973298
7	5.692390065
8	5.631982808
9	5.620551486
10	5.600237152
11	5.593219279
12	5.580129304
13	5.568790587
14	5.553455047
15	5.539088682
16	5.526997611
17	5.524810483
18	5.518022707
19	5.510452995
20	5.503615087
21	5.49431893
22	5.490451876
23	5.483520706
24	5.478533756
25	5.473813558
26	5.46374192
27	5.456037705
28	5.450124636
29	5.446418741
